"","Stock1","Stock2","MatchPercentage","Cor","Cointegration"
"1","SH600037","SH600073","0.757009345794392","0.670751513376446","0.433006431044632"
"2","SH600037","SH600655","0.803738317757009","0.623962369594564","0.835188912273742"
"3","SH600037","SH601908","0.757009345794392","0.639666807485673","0.615814968334405"
"4","SH600037","SZ002027","0.775700934579439","0.769306802243394","0.01"
"5","SH600037","SZ002093","0.757009345794392","0.673360226155485","0.212163564955494"
"6","SH600037","SZ002545","0.775700934579439","0.732950440743685","0.334577246311471"
"7","SH600039","SH600131","0.757009345794392","0.739524516813993","0.0262289157641755"
"8","SH600039","SH601872","0.766355140186916","0.727344594708209","0.921975810244212"
"9","SH600039","SZ000418","0.757009345794392","0.703766082822751","0.515917476736772"
"10","SH600054","SH600073","0.766355140186916","0.665202935307698","0.0220537524866357"
"11","SH600054","SH600480","0.775700934579439","0.585830797109045","0.266746643213886"
"12","SH600054","SH600650","0.766355140186916","0.610099675883709","0.735940963724285"
"13","SH600054","SZ002123","0.766355140186916","0.713876710332817","0.0383331632033427"
"14","SH600073","SH600310","0.757009345794392","0.584854355508433","0.330466817191742"
"15","SH600073","SH600650","0.775700934579439","0.767096787403681","0.755466352668968"
"16","SH600073","SH600655","0.766355140186916","0.739368965162816","0.603140538887694"
"17","SH600073","SH600677","0.766355140186916","0.70927495172512","0.192572962126703"
"18","SH600073","SH600755","0.766355140186916","0.591350103697368","0.90581013643559"
"19","SH600073","SH600796","0.757009345794392","0.699732161109907","0.402003791617477"
"20","SH600073","SZ000565","0.794392523364486","0.712395740980477","0.158687691615711"
"21","SH600073","SZ002093","0.775700934579439","0.694803800086331","0.583145786259676"
"22","SH600073","SZ002123","0.757009345794392","0.705593779646653","0.01"
"23","SH600073","SZ002335","0.785046728971963","0.738718045755086","0.01"
"24","SH600073","SZ002394","0.775700934579439","0.798594987280209","0.01"
"25","SH600073","SZ002531","0.785046728971963","0.666103415512479","0.0450155583095817"
"26","SH600076","SH600131","0.766355140186916","0.779147121791332","0.981829506147994"
"27","SH600076","SZ000836","0.757009345794392","0.755056478975752","0.99"
"28","SH600093","SH600310","0.766355140186916","0.628220461195706","0.547204312723521"
"29","SH600094","SH600159","0.757009345794392","0.666130584032204","0.873754593702338"
"30","SH600094","SH600755","0.757009345794392","0.556456792524155","0.96807318507179"
"31","SH600094","SZ000926","0.757009345794392","0.666357745199372","0.99"
"32","SH600131","SH600151","0.775700934579439","0.699475221893018","0.43685991235836"
"33","SH600131","SH600353","0.785046728971963","0.694463203319198","0.76742454445199"
"34","SH600131","SH600650","0.757009345794392","0.671740007241665","0.449372842720339"
"35","SH600131","SH600796","0.757009345794392","0.796398321997399","0.531432233477972"
"36","SH600131","SZ000829","0.757009345794392","0.636656153446422","0.230677415832982"
"37","SH600131","SZ002123","0.757009345794392","0.753272889811771","0.176777681127072"
"38","SH600131","SZ002394","0.803738317757009","0.739269477378571","0.0754927806270016"
"39","SH600131","SZ002531","0.757009345794392","0.645790475630944","0.0544836780605744"
"40","SH600131","SZ002585","0.766355140186916","0.734761655159693","0.595506349155125"
"41","SH600151","SZ002139","0.775700934579439","0.73222238789079","0.330231782181148"
"42","SH600159","SH600310","0.766355140186916","0.652427405165853","0.411448840822577"
"43","SH600159","SH600650","0.775700934579439","0.64651326421686","0.548533615108315"
"44","SH600159","SH600683","0.766355140186916","0.748329331725845","0.01"
"45","SH600159","SH600684","0.785046728971963","0.736073076780587","0.0785076184688634"
"46","SH600159","SH600743","0.757009345794392","0.827619840800713","0.0288640382868788"
"47","SH600159","SH600748","0.757009345794392","0.742098099411242","0.537622560892759"
"48","SH600159","SH600755","0.766355140186916","0.55644815554608","0.803415878134313"
"49","SH600159","SH601588","0.785046728971963","0.775367617252542","0.723216453217323"
"50","SH600159","SZ000031","0.794392523364486","0.630516871949212","0.685839662514154"
"51","SH600159","SZ000040","0.831775700934579","0.719711191699644","0.292222807684663"
"52","SH600159","SZ000537","0.766355140186916","0.856458984906358","0.01"
"53","SH600159","SZ000667","0.775700934579439","0.694291443385378","0.365544917518669"
"54","SH600159","SZ000926","0.803738317757009","0.75580923908452","0.669658112060639"
"55","SH600159","SZ000965","0.766355140186916","0.647716757903744","0.0494843961380496"
"56","SH600172","SH600590","0.766355140186916","0.73659870191208","0.377741233102708"
"57","SH600172","SZ002123","0.775700934579439","0.797302948588203","0.01"
"58","SH600172","SZ002166","0.766355140186916","0.752370982915737","0.0508681724559796"
"59","SH600172","SZ002545","0.757009345794392","0.830053072040406","0.0541787962710797"
"60","SH600172","SZ002636","0.775700934579439","0.801377319888698","0.526474463393787"
"61","SH600172","SZ300065","0.766355140186916","0.778424940240807","0.697354883904231"
"62","SH600172","SZ300185","0.757009345794392","0.794505276010284","0.396986032237359"
"63","SH600188","SH600362","0.757009345794392","0.793329258659077","0.125590435943676"
"64","SH600188","SH600415","0.785046728971963","0.726219412522967","0.478295371214156"
"65","SH600188","SH600595","0.794392523364486","0.649698153522126","0.931342610228346"
"66","SH600188","SH600743","0.766355140186916","0.636381315440914","0.550462497219206"
"67","SH600188","SH600755","0.757009345794392","0.59195197954924","0.398978721398958"
"68","SH600188","SZ000425","0.775700934579439","0.655699751719777","0.0547376670822131"
"69","SH600216","SZ000012","0.775700934579439","0.741186875857686","0.144516923795879"
"70","SH600216","SZ002001","0.831775700934579","0.805135083006071","0.644548462714829"
"71","SH600220","SZ000650","0.757009345794392","0.614899090129314","0.524921661103915"
"72","SH600220","SZ002067","0.757009345794392","0.539734745197946","0.625310991608365"
"73","SH600220","SZ002212","0.757009345794392","0.675119970654897","0.654140556063479"
"74","SH600220","SZ002218","0.766355140186916","0.662465935508322","0.299098238527495"
"75","SH600276","SH600703","0.757009345794392","0.615030394698609","0.01"
"76","SH600298","SZ002123","0.794392523364486","0.723579498457541","0.01"
"77","SH600310","SH600480","0.766355140186916","0.652163957487293","0.0367613927388017"
"78","SH600310","SH600531","0.757009345794392","0.614911236416423","0.400494131054834"
"79","SH600310","SH600650","0.775700934579439","0.617158639702423","0.156819179650261"
"80","SH600310","SH600683","0.775700934579439","0.556941789058254","0.271423458322249"
"81","SH600310","SH600755","0.822429906542056","0.69834384630043","0.744034014550592"
"82","SH600310","SH601872","0.757009345794392","0.665812165986704","0.946323403504995"
"83","SH600310","SZ000040","0.757009345794392","0.674348736940524","0.51660505828104"
"84","SH600310","SZ000418","0.766355140186916","0.58893250785147","0.375821994357866"
"85","SH600310","SZ000425","0.775700934579439","0.668732642522219","0.973856244794511"
"86","SH600310","SZ000926","0.757009345794392","0.635473644955514","0.569264543611847"
"87","SH600310","SZ002036","0.775700934579439","0.689790966346432","0.574484132274708"
"88","SH600310","SZ002067","0.757009345794392","0.551071541441516","0.874475900829923"
"89","SH600330","SH600563","0.757009345794392","0.769362389455353","0.078560008132368"
"90","SH600330","SZ002139","0.775700934579439","0.719205778631454","0.420927132991127"
"91","SH600330","SZ002634","0.775700934579439","0.658316060347301","0.300855154567034"
"92","SH600330","SZ300078","0.757009345794392","0.751406056675369","0.250634982615064"
"93","SH600336","SH600602","0.757009345794392","0.740349386071034","0.560624225300944"
"94","SH600340","SZ000656","0.775700934579439","0.726861149125175","0.63319412834534"
"95","SH600340","SZ000926","0.757009345794392","0.733013794685603","0.539127733267145"
"96","SH600340","SZ002244","0.757009345794392","0.804750086941214","0.891546542650414"
"97","SH600353","SH600480","0.757009345794392","0.650895473469524","0.268842848749838"
"98","SH600353","SH601636","0.766355140186916","0.755902097467211","0.633138753012322"
"99","SH600353","SZ000836","0.757009345794392","0.773938482176122","0.843521581680856"
"100","SH600353","SZ002093","0.785046728971963","0.685696584583165","0.0220615554164847"
"101","SH600353","SZ002123","0.766355140186916","0.771176782372886","0.0153022155018373"
"102","SH600353","SZ002493","0.766355140186916","0.752722577740518","0.492803970826068"
"103","SH600353","SZ002585","0.757009345794392","0.788923321792772","0.01"
"104","SH600353","SZ300065","0.757009345794392","0.771430485161751","0.522113686875651"
"105","SH600362","SH600415","0.766355140186916","0.684916464392985","0.958465264168106"
"106","SH600362","SH600531","0.794392523364486","0.790197561391758","0.980443650168172"
"107","SH600362","SZ000012","0.757009345794392","0.752094260690086","0.336855005335909"
"108","SH600362","SZ000425","0.813084112149533","0.715851542290092","0.782694777891343"
"109","SH600362","SZ000926","0.757009345794392","0.716236847022832","0.186823891644309"
"110","SH600366","SH600531","0.766355140186916","0.680155427181971","0.0688319386456165"
"111","SH600366","SH600736","0.757009345794392","0.652444172107753","0.837145327530643"
"112","SH600366","SZ000926","0.766355140186916","0.62542137095765","0.99"
"113","SH600382","SZ002169","0.766355140186916","0.683250609198655","0.282355564576648"
"114","SH600382","SZ002179","0.757009345794392","0.686676375985211","0.189435547932575"
"115","SH600382","SZ002472","0.757009345794392","0.687569185553931","0.464727459713546"
"116","SH600382","SZ002545","0.785046728971963","0.754990630052039","0.0765138251099894"
"117","SH600383","SZ000002","0.831775700934579","0.730202442453864","0.626251594563409"
"118","SH600383","SZ000926","0.794392523364486","0.69339232258565","0.883461377386889"
"119","SH600391","SH600480","0.757009345794392","0.721417082284608","0.410793985509872"
"120","SH600391","SH600677","0.775700934579439","0.788252608647087","0.392660011134178"
"121","SH600391","SZ000650","0.757009345794392","0.695867846034842","0.01"
"122","SH600391","SZ000721","0.757009345794392","0.670379585117489","0.27410307773674"
"123","SH600391","SZ000738","0.831775700934579","0.871956386206727","0.435900287230199"
"124","SH600391","SZ002027","0.757009345794392","0.640100022879306","0.290037797231057"
"125","SH600391","SZ002123","0.757009345794392","0.644672668985125","0.198788068662973"
"126","SH600391","SZ002139","0.766355140186916","0.785308473215386","0.649173352075069"
"127","SH600391","SZ002169","0.757009345794392","0.709284834175626","0.01"
"128","SH600391","SZ002179","0.850467289719626","0.770067055743148","0.609890252052972"
"129","SH600391","SZ002202","0.766355140186916","0.655913742395584","0.0510745796925788"
"130","SH600391","SZ300162","0.757009345794392","0.668636977874399","0.720108862920784"
"131","SH600391","SZ300176","0.757009345794392","0.74698362656603","0.481701676962839"
"132","SH600409","SH600755","0.766355140186916","0.640259148634639","0.959672210635374"
"133","SH600409","SZ000012","0.757009345794392","0.616465870606811","0.478560700094632"
"134","SH600409","SZ000563","0.757009345794392","0.672099702186966","0.97229576048444"
"135","SH600415","SH600743","0.775700934579439","0.576201928797303","0.98291697320601"
"136","SH600415","SH601588","0.757009345794392","0.601456094803639","0.606364998725338"
"137","SH600415","SH601872","0.775700934579439","0.678165935684261","0.0715805958034752"
"138","SH600415","SZ000012","0.785046728971963","0.68130233103655","0.99"
"139","SH600415","SZ000031","0.766355140186916","0.634547895936981","0.578015540761688"
"140","SH600415","SZ000425","0.803738317757009","0.708427050740687","0.355804859851775"
"141","SH600415","SZ000926","0.803738317757009","0.654542590239237","0.897447497534456"
"142","SH600477","SH600755","0.757009345794392","0.620854058716879","0.964012699267208"
"143","SH600477","SZ000012","0.757009345794392","0.597397312508342","0.738215296926955"
"144","SH600477","SZ002206","0.785046728971963","0.679851754398087","0.194624924126584"
"145","SH600480","SH600683","0.757009345794392","0.676833663877062","0.211572198975181"
"146","SH600480","SZ000418","0.775700934579439","0.68662778289921","0.252079863063731"
"147","SH600480","SZ002042","0.757009345794392","0.640497711480757","0.172313141422659"
"148","SH600480","SZ002212","0.775700934579439","0.668475836943088","0.465157448724975"
"149","SH600498","SH600522","0.757009345794392","0.67833392644265","0.284791281884077"
"150","SH600498","SZ002093","0.766355140186916","0.757735872796145","0.377697816814588"
"151","SH600522","SH600683","0.757009345794392","0.612533867748343","0.272743785971152"
"152","SH600522","SZ000733","0.766355140186916","0.77569940497392","0.668200561685061"
"153","SH600522","SZ002118","0.766355140186916","0.626373824670843","0.837461565020443"
"154","SH600522","SZ002376","0.785046728971963","0.74041196822329","0.011275568684926"
"155","SH600522","SZ300231","0.757009345794392","0.688971826859484","0.342359430026248"
"156","SH600531","SH600683","0.785046728971963","0.573970349710219","0.418294948000699"
"157","SH600531","SH600755","0.794392523364486","0.580446840920795","0.953866938095022"
"158","SH600531","SZ000838","0.757009345794392","0.679415613454311","0.39916409330658"
"159","SH600531","SZ000926","0.775700934579439","0.618403117056349","0.99"
"160","SH600531","SZ002036","0.757009345794392","0.611830912113802","0.277114210749091"
"161","SH600531","SZ002067","0.794392523364486","0.561836419734913","0.568011098637992"
"162","SH600531","SZ002620","0.775700934579439","0.65846027661937","0.236341183525303"
"163","SH600537","SZ002118","0.785046728971963","0.666085989182026","0.728903994322851"
"164","SH600537","SZ002123","0.757009345794392","0.676837924381625","0.490472638818911"
"165","SH600537","SZ002179","0.775700934579439","0.729624800888504","0.01"
"166","SH600537","SZ300162","0.757009345794392","0.686031560257067","0.987508334698142"
"167","SH600537","SZ300176","0.757009345794392","0.734692124502569","0.2374920743301"
"168","SH600563","SZ000733","0.775700934579439","0.73960863880569","0.506976908748519"
"169","SH600563","SZ002048","0.775700934579439","0.714068711336419","0.0650792417031209"
"170","SH600563","SZ002108","0.757009345794392","0.780718899466145","0.503927658843143"
"171","SH600563","SZ002139","0.775700934579439","0.708873931684126","0.743896647941144"
"172","SH600563","SZ002169","0.757009345794392","0.656831485439124","0.875165946933324"
"173","SH600563","SZ002402","0.757009345794392","0.709329707489832","0.658498895905499"
"174","SH600563","SZ002590","0.757009345794392","0.68570939560136","0.533168086729224"
"175","SH600563","SZ002636","0.757009345794392","0.662364643982339","0.558915257155877"
"176","SH600563","SZ300063","0.757009345794392","0.646146570135172","0.907772093426519"
"177","SH600563","SZ300073","0.775700934579439","0.768131829839212","0.563891674831796"
"178","SH600563","SZ300078","0.775700934579439","0.726750243997061","0.662460322767896"
"179","SH600563","SZ300176","0.757009345794392","0.704210556840454","0.786182134283456"
"180","SH600563","SZ300271","0.775700934579439","0.648485184441623","0.496327705197986"
"181","SH600565","SZ000926","0.766355140186916","0.632407081788529","0.538134618338312"
"182","SH600590","SH600796","0.757009345794392","0.757995279639704","0.261650381858695"
"183","SH600590","SZ002123","0.766355140186916","0.704539358003874","0.317885336134766"
"184","SH600602","SZ000733","0.757009345794392","0.708639168899879","0.720092046876037"
"185","SH600621","SH600626","0.794392523364486","0.796540939864071","0.648764879445896"
"186","SH600621","SH600650","0.766355140186916","0.809411423262481","0.682899760086249"
"187","SH600621","SH600748","0.766355140186916","0.774558963777185","0.406822364157781"
"188","SH600621","SH600826","0.757009345794392","0.791663333716128","0.45036450265993"
"189","SH600626","SH600630","0.822429906542056","0.851255484103231","0.0731453013844297"
"190","SH600626","SH600650","0.794392523364486","0.737810780541353","0.670695847610275"
"191","SH600626","SH600755","0.766355140186916","0.59193432102967","0.904570241223663"
"192","SH600630","SH600650","0.813084112149533","0.762060917613522","0.842249767634832"
"193","SH600650","SH600655","0.766355140186916","0.846135770078905","0.348295017972669"
"194","SH600650","SH600683","0.766355140186916","0.595085662889532","0.409618728075"
"195","SH600650","SH600755","0.813084112149533","0.648446749445826","0.267720991132998"
"196","SH600650","SH600796","0.775700934579439","0.67448533055917","0.921787040346947"
"197","SH600650","SH601588","0.757009345794392","0.615795326604107","0.342948279347529"
"198","SH600650","SZ000650","0.766355140186916","0.700569904524264","0.629895756854292"
"199","SH600650","SZ000926","0.775700934579439","0.601319229185168","0.272497106797297"
"200","SH600650","SZ002123","0.775700934579439","0.666855247907357","0.743484069215879"
"201","SH600650","SZ002620","0.775700934579439","0.684031595943553","0.875428318852229"
"202","SH600655","SH600755","0.803738317757009","0.682731063784682","0.726452311254251"
"203","SH600655","SZ000650","0.757009345794392","0.673562887028886","0.43583458748764"
"204","SH600655","SZ000733","0.766355140186916","0.641222572135161","0.978100746022676"
"205","SH600655","SZ002093","0.766355140186916","0.707341371443127","0.958134739447446"
"206","SH600655","SZ002202","0.775700934579439","0.686587894855539","0.26956995135004"
"207","SH600677","SZ000829","0.757009345794392","0.682252068372148","0.069841460935088"
"208","SH600677","SZ002056","0.794392523364486","0.708187226011827","0.0956926682914513"
"209","SH600677","SZ002079","0.794392523364486","0.700015417598303","0.0731117107876447"
"210","SH600677","SZ002139","0.803738317757009","0.726918801636686","0.305787171599836"
"211","SH600677","SZ002179","0.775700934579439","0.77243961458898","0.0864969829528591"
"212","SH600677","SZ002335","0.757009345794392","0.68228089638236","0.31595084000471"
"213","SH600683","SH600684","0.775700934579439","0.720264579718786","0.01"
"214","SH600683","SH600736","0.757009345794392","0.706502264602977","0.0104828751848641"
"215","SH600683","SH600755","0.803738317757009","0.632841707057736","0.77633460559277"
"216","SH600683","SH600796","0.766355140186916","0.63526748416109","0.449536802278855"
"217","SH600683","SZ000040","0.775700934579439","0.660055785043698","0.0494921295899717"
"218","SH600683","SZ000418","0.766355140186916","0.614144431787199","0.076212768356425"
"219","SH600683","SZ000926","0.766355140186916","0.712005892116051","0.255537978363972"
"220","SH600683","SZ000965","0.757009345794392","0.611578235033589","0.01"
"221","SH600683","SZ002129","0.757009345794392","0.655455350066092","0.610228925331944"
"222","SH600684","SH600743","0.785046728971963","0.648300379980569","0.0790497888715762"
"223","SH600684","SH600748","0.766355140186916","0.754609475639568","0.478766930242692"
"224","SH600684","SH600755","0.766355140186916","0.571217292786814","0.77902902026883"
"225","SH600684","SH601588","0.775700934579439","0.682691866879004","0.0334732745728141"
"226","SH600684","SZ000031","0.775700934579439","0.651520109851013","0.723660020383508"
"227","SH600684","SZ000040","0.794392523364486","0.704604682015571","0.0262489191355489"
"228","SH600684","SZ000656","0.775700934579439","0.770944684113434","0.303165865178812"
"229","SH600684","SZ000926","0.822429906542056","0.739557729002495","0.434196803020563"
"230","SH600684","SZ000965","0.813084112149533","0.624862082831739","0.01"
"231","SH600692","SH600826","0.757009345794392","0.706352907816825","0.0175709386677123"
"232","SH600702","SH600779","0.775700934579439","0.793106992977291","0.276740260012401"
"233","SH600724","SH600736","0.775700934579439","0.706909684879316","0.0791295833985653"
"234","SH600724","SH600868","0.757009345794392","0.663316791507245","0.0576324674953293"
"235","SH600724","SH601588","0.775700934579439","0.758755061615255","0.720441948304528"
"236","SH600724","SZ000031","0.785046728971963","0.728555705424813","0.85264538467017"
"237","SH600724","SZ000540","0.766355140186916","0.748082642890827","0.923749711219134"
"238","SH600724","SZ000926","0.757009345794392","0.733936883172767","0.907674943938498"
"239","SH600724","SZ002067","0.757009345794392","0.645375462900274","0.951771117141314"
"240","SH600724","SZ002404","0.757009345794392","0.69980205577853","0.345716922383207"
"241","SH600736","SH600748","0.822429906542056","0.703235347880515","0.0602853171592165"
"242","SH600736","SH600755","0.766355140186916","0.677741471996489","0.715089920570676"
"243","SH600736","SH601588","0.766355140186916","0.693477452309868","0.0272035256178403"
"244","SH600736","SZ000031","0.766355140186916","0.618745539542748","0.700221350329568"
"245","SH600736","SZ000926","0.766355140186916","0.693511760561992","0.072014080295379"
"246","SH600736","SZ000965","0.757009345794392","0.669019854812759","0.01"
"247","SH600736","SZ002179","0.775700934579439","0.722128423212994","0.712055173342919"
"248","SH600736","SZ002404","0.757009345794392","0.64191154423167","0.229586443606253"
"249","SH600736","SZ002620","0.775700934579439","0.773472992570831","0.553339194934964"
"250","SH600743","SZ000031","0.766355140186916","0.592940194564826","0.799741600835469"
"251","SH600743","SZ000425","0.766355140186916","0.606066778480435","0.938457916864515"
"252","SH600743","SZ000926","0.813084112149533","0.72067472364676","0.837659460862812"
"253","SH600748","SH601588","0.757009345794392","0.733314246521625","0.283741067136046"
"254","SH600748","SZ000031","0.785046728971963","0.74756735031621","0.302520511208793"
"255","SH600748","SZ000040","0.766355140186916","0.743260954181833","0.12525909501232"
"256","SH600748","SZ000656","0.766355140186916","0.718358831587163","0.431825307263507"
"257","SH600748","SZ000926","0.813084112149533","0.890227130759112","0.01"
"258","SH600755","SZ000012","0.775700934579439","0.659630665659507","0.815797224844112"
"259","SH600755","SZ000926","0.757009345794392","0.593797110480622","0.579591816644797"
"260","SH600755","SZ002067","0.775700934579439","0.566462042348454","0.987104921840349"
"261","SH600755","SZ002182","0.775700934579439","0.7151882969421","0.982263205480534"
"262","SH600779","SZ000858","0.757009345794392","0.727001769722704","0.707481170333162"
"263","SH600796","SZ000650","0.822429906542056","0.744290300948992","0.570510203538555"
"264","SH600796","SZ002093","0.766355140186916","0.702685609280212","0.180959506374187"
"265","SH600796","SZ002123","0.831775700934579","0.761474416654413","0.0546145365654597"
"266","SH600796","SZ002212","0.757009345794392","0.713998854689549","0.766243895360674"
"267","SH600796","SZ002394","0.766355140186916","0.77515306202861","0.0793668660204803"
"268","SH600796","SZ002403","0.757009345794392","0.766263474567619","0.400708598766109"
"269","SH600796","SZ002404","0.757009345794392","0.776687201302224","0.402463094467432"
"270","SH600796","SZ002531","0.757009345794392","0.693601270000261","0.123887098375664"
"271","SH600796","SZ002585","0.766355140186916","0.74949929782533","0.0292352672890315"
"272","SH600796","SZ002620","0.757009345794392","0.773711604992386","0.0319235343137062"
"273","SH600868","SZ002212","0.757009345794392","0.590389599601686","0.954114324959168"
"274","SH600868","SZ002394","0.766355140186916","0.676746476232267","0.0950962069425439"
"275","SH601199","SZ002218","0.757009345794392","0.697581880529602","0.584458760161543"
"276","SH601199","SZ002340","0.775700934579439","0.715055352488528","0.144312147083689"
"277","SH601199","SZ300172","0.757009345794392","0.854688041493772","0.445975549145366"
"278","SH601222","SZ000733","0.757009345794392","0.677268691698418","0.300596219158776"
"279","SH601222","SZ002185","0.757009345794392","0.741576115589569","0.332718652676641"
"280","SH601222","SZ002308","0.757009345794392","0.656927643801025","0.472892190746987"
"281","SH601222","SZ300258","0.757009345794392","0.664181287264544","0.327360750034291"
"282","SH601588","SH601872","0.766355140186916","0.619623482480763","0.40529419150566"
"283","SH601588","SZ000012","0.757009345794392","0.664023637786473","0.633794103093064"
"284","SH601588","SZ000031","0.794392523364486","0.685429327722703","0.533888912727019"
"285","SH601588","SZ000040","0.831775700934579","0.690738065572196","0.187898559049205"
"286","SH601588","SZ000540","0.775700934579439","0.695769935836646","0.258570705190238"
"287","SH601588","SZ000667","0.841121495327103","0.69185826101129","0.298100730241453"
"288","SH601588","SZ000926","0.813084112149533","0.741533333150523","0.156402666395877"
"289","SH601588","SZ000965","0.757009345794392","0.652350033035796","0.514165162963999"
"290","SH601636","SZ002067","0.757009345794392","0.642172265179468","0.90006840178054"
"291","SH601799","SZ000418","0.757009345794392","0.655119025632292","0.122397102156"
"292","SH601872","SZ000031","0.775700934579439","0.674633755336869","0.57595736651497"
"293","SH601872","SZ000425","0.822429906542056","0.725237277216954","0.0309498362189055"
"294","SH601872","SZ000667","0.775700934579439","0.647422877577964","0.965702797027787"
"295","SH601908","SZ002394","0.785046728971963","0.755084256470369","0.551676161877519"
"296","SH601908","SZ002545","0.757009345794392","0.772339836874977","0.497208048878994"
"297","SZ000002","SZ000031","0.775700934579439","0.71227222082446","0.483325654428698"
"298","SZ000002","SZ000926","0.813084112149533","0.841611335302642","0.687944428185051"
"299","SZ000012","SZ000425","0.813084112149533","0.710327562487411","0.9851167524423"
"300","SZ000012","SZ000488","0.757009345794392","0.728195066285883","0.0505210112360616"
"301","SZ000012","SZ000926","0.813084112149533","0.721350159680914","0.630631263368665"
"302","SZ000031","SZ000040","0.775700934579439","0.735644414651803","0.479015626184882"
"303","SZ000031","SZ000425","0.785046728971963","0.673070152024537","0.151392352617387"
"304","SZ000031","SZ000667","0.757009345794392","0.708612133655298","0.780996526024171"
"305","SZ000031","SZ000926","0.813084112149533","0.728221502194714","0.532545372378524"
"306","SZ000040","SZ000667","0.803738317757009","0.662502015822311","0.0969438097628793"
"307","SZ000040","SZ000926","0.822429906542056","0.738121001573698","0.386916278645681"
"308","SZ000078","SZ000829","0.757009345794392","0.736166582460722","0.0747495112132089"
"309","SZ000078","SZ002166","0.841121495327103","0.809833894098627","0.0412944548919852"
"310","SZ000078","SZ002545","0.757009345794392","0.786252647539484","0.01"
"311","SZ000425","SZ000667","0.775700934579439","0.564526519896151","0.919291451795144"
"312","SZ000425","SZ000926","0.775700934579439","0.728130202094494","0.338647036174627"
"313","SZ000540","SZ000656","0.757009345794392","0.760953195706946","0.415803321054519"
"314","SZ000540","SZ000926","0.757009345794392","0.775818521488211","0.40736560975904"
"315","SZ000565","SZ002067","0.757009345794392","0.565875782293325","0.663714845109551"
"316","SZ000565","SZ002404","0.775700934579439","0.680806895492592","0.0431964588652522"
"317","SZ000599","SZ002169","0.775700934579439","0.690233922559117","0.1042107302841"
"318","SZ000650","SZ002218","0.757009345794392","0.682794354174548","0.668552146928152"
"319","SZ000650","SZ002308","0.757009345794392","0.688075434470431","0.539875748144564"
"320","SZ000656","SZ000926","0.766355140186916","0.737649162420106","0.341452916640787"
"321","SZ000667","SZ000926","0.794392523364486","0.653413349792171","0.652643278180685"
"322","SZ000721","SZ002079","0.766355140186916","0.69179235886464","0.503707852093868"
"323","SZ000721","SZ002585","0.757009345794392","0.65164447820233","0.272641286220302"
"324","SZ000733","SZ000988","0.766355140186916","0.81329652532842","0.744592308069451"
"325","SZ000733","SZ002093","0.775700934579439","0.721391356020097","0.314509824256141"
"326","SZ000733","SZ002376","0.757009345794392","0.7500678517577","0.59437780736552"
"327","SZ000733","SZ002395","0.766355140186916","0.721524269253373","0.0972330357106598"
"328","SZ000733","SZ002452","0.766355140186916","0.687402665595476","0.982860864173242"
"329","SZ000733","SZ002491","0.757009345794392","0.652786196032191","0.381203847412713"
"330","SZ000733","SZ002580","0.757009345794392","0.77712020158373","0.490428513892848"
"331","SZ000733","SZ300078","0.775700934579439","0.691350559965913","0.261136077144828"
"332","SZ000738","SZ002079","0.757009345794392","0.740304994092689","0.0264047934472338"
"333","SZ000738","SZ002179","0.775700934579439","0.795132567080358","0.0109394413951976"
"334","SZ000738","SZ002545","0.757009345794392","0.766834248429197","0.01"
"335","SZ000738","SZ300162","0.757009345794392","0.73169623830439","0.960841196651287"
"336","SZ000826","SZ300070","0.785046728971963","0.827969492777925","0.0144690235837193"
"337","SZ000829","SZ002027","0.757009345794392","0.741117289211512","0.052597292243604"
"338","SZ000829","SZ002340","0.785046728971963","0.694374889742278","0.0335047792088285"
"339","SZ000829","SZ300065","0.766355140186916","0.684258801411055","0.446599301968015"
"340","SZ000836","SZ002179","0.757009345794392","0.786161321344837","0.492755126477617"
"341","SZ000836","SZ002404","0.766355140186916","0.772500111209271","0.471487622395021"
"342","SZ000836","SZ300065","0.757009345794392","0.703848526103531","0.927971300064046"
"343","SZ000838","SZ002179","0.757009345794392","0.726003338895268","0.0117654382577504"
"344","SZ000926","SZ002244","0.831775700934579","0.833465495094723","0.953186627063215"
"345","SZ000957","SZ002056","0.757009345794392","0.780954605331522","0.01"
"346","SZ000957","SZ002249","0.766355140186916","0.77827681990876","0.277695205793333"
"347","SZ000977","SZ002402","0.785046728971963","0.653859305785136","0.245675181846588"
"348","SZ000977","SZ300073","0.757009345794392","0.680648399445051","0.405299625580085"
"349","SZ002020","SZ002118","0.757009345794392","0.672124443959833","0.0824317313886348"
"350","SZ002026","SZ300176","0.757009345794392","0.670188107186016","0.58100629089382"
"351","SZ002027","SZ002093","0.813084112149533","0.689669170957573","0.012389436126313"
"352","SZ002027","SZ002169","0.794392523364486","0.738318973645494","0.190315790962719"
"353","SZ002027","SZ002206","0.766355140186916","0.787372647138068","0.01"
"354","SZ002027","SZ002212","0.757009345794392","0.69028112279023","0.312375918233842"
"355","SZ002027","SZ002308","0.766355140186916","0.666857286205517","0.0688820826784982"
"356","SZ002027","SZ002434","0.766355140186916","0.706868290303187","0.0228979908376373"
"357","SZ002027","SZ002516","0.766355140186916","0.701658062844184","0.182470991862208"
"358","SZ002027","SZ002531","0.757009345794392","0.695155263597333","0.519386908998703"
"359","SZ002027","SZ300048","0.766355140186916","0.695501834959866","0.954616529500529"
"360","SZ002027","SZ300078","0.794392523364486","0.685217417304368","0.0231247025019148"
"361","SZ002027","SZ300176","0.775700934579439","0.760498295403582","0.0109521061106716"
"362","SZ002036","SZ002620","0.775700934579439","0.777555716123118","0.0961771151292845"
"363","SZ002036","SZ002636","0.757009345794392","0.797020892256252","0.326090044197584"
"364","SZ002056","SZ002139","0.766355140186916","0.747345290309687","0.591263486636037"
"365","SZ002056","SZ002179","0.822429906542056","0.648394267558944","0.115648781580772"
"366","SZ002056","SZ002218","0.785046728971963","0.729740016493695","0.534829297746687"
"367","SZ002056","SZ300014","0.775700934579439","0.680421195782437","0.01"
"368","SZ002056","SZ300091","0.757009345794392","0.592807853514164","0.402919598797255"
"369","SZ002056","SZ300111","0.757009345794392","0.725574338301706","0.452267201440657"
"370","SZ002079","SZ002139","0.757009345794392","0.809622473757268","0.511453491241918"
"371","SZ002093","SZ002118","0.766355140186916","0.675821291106615","0.667273489835956"
"372","SZ002093","SZ002123","0.766355140186916","0.745131000581997","0.150670756977548"
"373","SZ002093","SZ002169","0.757009345794392","0.645380259654741","0.178320448168652"
"374","SZ002093","SZ002182","0.785046728971963","0.723433060173413","0.0450556144663886"
"375","SZ002093","SZ002376","0.757009345794392","0.690925065910192","0.01"
"376","SZ002093","SZ002620","0.757009345794392","0.739431858002747","0.0804599643315607"
"377","SZ002093","SZ002636","0.766355140186916","0.654415584305917","0.466157476441692"
"378","SZ002093","SZ300050","0.794392523364486","0.788267812766761","0.278597886903219"
"379","SZ002093","SZ300065","0.757009345794392","0.692553015665765","0.48693745717619"
"380","SZ002093","SZ300078","0.775700934579439","0.689313511983322","0.0826980255711389"
"381","SZ002093","SZ300086","0.757009345794392","0.729369547119015","0.183425281001374"
"382","SZ002093","SZ300176","0.775700934579439","0.664759142100948","0.0306670652214972"
"383","SZ002093","SZ300221","0.785046728971963","0.716113815719925","0.362152546694403"
"384","SZ002093","SZ300284","0.766355140186916","0.694357438087004","0.0258102318759639"
"385","SZ002117","SZ002335","0.766355140186916","0.685071999030352","0.0170842974710484"
"386","SZ002117","SZ002376","0.775700934579439","0.727127686807876","0.203680914182708"
"387","SZ002117","SZ002402","0.794392523364486","0.741213325745782","0.309791564641301"
"388","SZ002117","SZ300078","0.813084112149533","0.74085287004393","0.335880318664358"
"389","SZ002117","SZ300101","0.775700934579439","0.738877383312291","0.475277141542147"
"390","SZ002118","SZ002585","0.757009345794392","0.675026948020925","0.570072540396409"
"391","SZ002123","SZ002179","0.766355140186916","0.686816229309684","0.0569374716019713"
"392","SZ002123","SZ002202","0.766355140186916","0.651752740295553","0.409664790978665"
"393","SZ002123","SZ002472","0.785046728971963","0.774465380798167","0.331069958111612"
"394","SZ002123","SZ002511","0.757009345794392","0.737191361889609","0.120299635853302"
"395","SZ002123","SZ002545","0.757009345794392","0.790382744713542","0.01"
"396","SZ002123","SZ002620","0.775700934579439","0.804302935429906","0.0216129227711769"
"397","SZ002129","SZ002202","0.757009345794392","0.733216511838081","0.893576192037443"
"398","SZ002129","SZ300185","0.775700934579439","0.653985923829519","0.467357635292956"
"399","SZ002137","SZ300231","0.766355140186916","0.73033238367617","0.615752552212594"
"400","SZ002139","SZ002169","0.785046728971963","0.766855730621559","0.592374129752365"
"401","SZ002139","SZ002179","0.785046728971963","0.780157701545538","0.01"
"402","SZ002139","SZ002218","0.785046728971963","0.753787883675733","0.560130475868163"
"403","SZ002139","SZ002308","0.757009345794392","0.806062428617799","0.44429891032245"
"404","SZ002139","SZ002335","0.775700934579439","0.739860655058551","0.887896656393463"
"405","SZ002139","SZ002370","0.757009345794392","0.685404838901215","0.682828302150602"
"406","SZ002139","SZ002394","0.813084112149533","0.829832404473187","0.862084880040955"
"407","SZ002139","SZ002518","0.766355140186916","0.748274772133092","0.01"
"408","SZ002139","SZ300078","0.766355140186916","0.722535269500363","0.27638599095634"
"409","SZ002139","SZ300138","0.775700934579439","0.777078685629068","0.598541448036895"
"410","SZ002139","SZ300162","0.757009345794392","0.72653815871466","0.99"
"411","SZ002169","SZ002212","0.766355140186916","0.645595930259759","0.780817783374373"
"412","SZ002169","SZ002249","0.757009345794392","0.646613447915712","0.767045315995279"
"413","SZ002169","SZ002366","0.757009345794392","0.671020497961323","0.716427733025398"
"414","SZ002169","SZ002402","0.775700934579439","0.714281150355653","0.350941827572197"
"415","SZ002169","SZ002518","0.775700934579439","0.661380351171381","0.231771093895521"
"416","SZ002169","SZ002585","0.766355140186916","0.729976447533626","0.219274682690157"
"417","SZ002169","SZ002590","0.757009345794392","0.703757896019411","0.518782946634185"
"418","SZ002169","SZ300063","0.785046728971963","0.620629459071445","0.100659434667622"
"419","SZ002169","SZ300065","0.766355140186916","0.675928478082613","0.799665739930944"
"420","SZ002169","SZ300078","0.775700934579439","0.68866390647572","0.418475952140482"
"421","SZ002169","SZ300176","0.794392523364486","0.744109434732734","0.3624377765989"
"422","SZ002169","SZ300230","0.757009345794392","0.736039348803031","0.201845570375699"
"423","SZ002179","SZ002319","0.757009345794392","0.697261859623088","0.01"
"424","SZ002182","SZ002472","0.757009345794392","0.666307217564105","0.0798512960977021"
"425","SZ002185","SZ300078","0.785046728971963","0.727507497965767","0.217467019572416"
"426","SZ002185","SZ300246","0.757009345794392","0.708567078459484","0.538531958256623"
"427","SZ002202","SZ002483","0.757009345794392","0.664160453877363","0.250573700926249"
"428","SZ002202","SZ002531","0.775700934579439","0.778153358140236","0.284367344969527"
"429","SZ002212","SZ002402","0.757009345794392","0.695398976928164","0.465358305933749"
"430","SZ002218","SZ002518","0.757009345794392","0.724433003267533","0.607833100129029"
"431","SZ002218","SZ300065","0.757009345794392","0.71128823657529","0.378961468722506"
"432","SZ002249","SZ002518","0.775700934579439","0.752022854468763","0.241785928137608"
"433","SZ002249","SZ300073","0.775700934579439","0.708038906143761","0.0768979194808541"
"434","SZ002281","SZ002402","0.757009345794392","0.739547642180853","0.01"
"435","SZ002281","SZ300078","0.757009345794392","0.729714248594508","0.0335525808265325"
"436","SZ002308","SZ300048","0.757009345794392","0.711807112829735","0.787633797401154"
"437","SZ002308","SZ300176","0.766355140186916","0.707941188131925","0.389399926714071"
"438","SZ002308","SZ300259","0.757009345794392","0.739725765008413","0.141560768996514"
"439","SZ002319","SZ002545","0.766355140186916","0.795634739585862","0.0676898735531234"
"440","SZ002335","SZ002645","0.766355140186916","0.713981930556181","0.01"
"441","SZ002340","SZ300172","0.766355140186916","0.73854352077304","0.56849449558344"
"442","SZ002355","SZ002620","0.757009345794392","0.818168337165151","0.01"
"443","SZ002376","SZ002402","0.822429906542056","0.737147559899533","0.0602788655578199"
"444","SZ002376","SZ300078","0.794392523364486","0.819351151301871","0.184994691983886"
"445","SZ002376","SZ300091","0.757009345794392","0.662021423002153","0.604432377378884"
"446","SZ002376","SZ300113","0.757009345794392","0.776382006569392","0.0979807348566491"
"447","SZ002376","SZ300172","0.757009345794392","0.728592353759603","0.133279360046921"
"448","SZ002376","SZ300221","0.775700934579439","0.701893952556814","0.472152735552036"
"449","SZ002376","SZ300236","0.757009345794392","0.750480046270636","0.0155566750827966"
"450","SZ002376","SZ300274","0.757009345794392","0.715303139102883","0.0209390938368875"
"451","SZ002394","SZ002518","0.757009345794392","0.689010688943006","0.0346428279669598"
"452","SZ002394","SZ002545","0.766355140186916","0.847664925561614","0.0307466691140553"
"453","SZ002394","SZ002580","0.757009345794392","0.771636445913531","0.380541638894439"
"454","SZ002394","SZ300138","0.766355140186916","0.794504866380538","0.0493774480421062"
"455","SZ002395","SZ002402","0.766355140186916","0.669973904287484","0.0716800713456348"
"456","SZ002395","SZ002531","0.766355140186916","0.644503974179616","0.302526237368814"
"457","SZ002402","SZ002452","0.757009345794392","0.679973764792951","0.825380354267496"
"458","SZ002402","SZ002545","0.757009345794392","0.780630471310159","0.0994137739199434"
"459","SZ002402","SZ300015","0.775700934579439","0.735229912473258","0.134554988429474"
"460","SZ002402","SZ300064","0.757009345794392","0.702523503236731","0.301963986065725"
"461","SZ002402","SZ300065","0.766355140186916","0.754154894525442","0.295008610260822"
"462","SZ002402","SZ300073","0.757009345794392","0.750395565096877","0.457089911486394"
"463","SZ002402","SZ300078","0.831775700934579","0.729343144441625","0.01"
"464","SZ002402","SZ300086","0.757009345794392","0.737135268891143","0.0465483206434124"
"465","SZ002402","SZ300162","0.766355140186916","0.718870445307117","0.976612838645469"
"466","SZ002402","SZ300176","0.813084112149533","0.714841064133855","0.0722814066522086"
"467","SZ002402","SZ300178","0.757009345794392","0.76667739130639","0.477313120158184"
"468","SZ002402","SZ300221","0.757009345794392","0.716098060188849","0.342074798896951"
"469","SZ002402","SZ300236","0.794392523364486","0.700854767582303","0.0736270052712177"
"470","SZ002402","SZ300246","0.766355140186916","0.708252309679941","0.294800927738616"
"471","SZ002444","SZ002580","0.766355140186916","0.726031204577298","0.01"
"472","SZ002452","SZ300078","0.757009345794392","0.605631426019546","0.830519874586089"
"473","SZ002467","SZ300078","0.775700934579439","0.737960686943586","0.0449289011667915"
"474","SZ002472","SZ002516","0.757009345794392","0.727418068616","0.40135341991494"
"475","SZ002472","SZ002585","0.775700934579439","0.71315673959767","0.0437405624517123"
"476","SZ002472","SZ002634","0.757009345794392","0.701281226738692","0.162812730980738"
"477","SZ002475","SZ300115","0.757009345794392","0.777680571856939","0.0208577269127245"
"478","SZ002483","SZ002545","0.785046728971963","0.758054045767847","0.01"
"479","SZ002483","SZ002636","0.757009345794392","0.700130053860069","0.599997940259575"
"480","SZ002487","SZ002634","0.757009345794392","0.733317956083242","0.0474241047743534"
"481","SZ002516","SZ002580","0.775700934579439","0.760402220206146","0.287575567875969"
"482","SZ002516","SZ002585","0.757009345794392","0.771367654359154","0.361223967287966"
"483","SZ002518","SZ300073","0.757009345794392","0.748812219842229","0.12537775610436"
"484","SZ002518","SZ300078","0.775700934579439","0.722317728541596","0.179290468698941"
"485","SZ002518","SZ300138","0.757009345794392","0.654026578635014","0.0508351337733006"
"486","SZ002518","SZ300176","0.757009345794392","0.666380907984789","0.0884508077667943"
"487","SZ002518","SZ300221","0.757009345794392","0.683872625090647","0.288081514364082"
"488","SZ002531","SZ002580","0.785046728971963","0.727162994226875","0.360496352590887"
"489","SZ002545","SZ002580","0.757009345794392","0.782858043755594","0.0813694131645366"
"490","SZ002545","SZ002585","0.785046728971963","0.806115501001286","0.0730635968820873"
"491","SZ002545","SZ002620","0.757009345794392","0.830708305062989","0.01"
"492","SZ002545","SZ300138","0.757009345794392","0.806657877255858","0.01"
"493","SZ002545","SZ300185","0.757009345794392","0.776938482546743","0.0219272777684268"
"494","SZ002577","SZ300176","0.766355140186916","0.752178205475578","0.01"
"495","SZ002580","SZ002590","0.775700934579439","0.720271218493961","0.271974208053006"
"496","SZ002580","SZ300138","0.803738317757009","0.754126505624346","0.176099720375975"
"497","SZ002580","SZ300176","0.766355140186916","0.758515072588951","0.0612795030082438"
"498","SZ002580","SZ300246","0.766355140186916","0.734792237988592","0.306007204103227"
"499","SZ002585","SZ300078","0.757009345794392","0.711227885434587","0.0366839636549138"
"500","SZ002585","SZ300138","0.757009345794392","0.750856495217227","0.0926913296068949"
"501","SZ002620","SZ300185","0.757009345794392","0.739623640053044","0.0602503581489979"
"502","SZ002636","SZ002637","0.775700934579439","0.810699157557412","0.527415691793024"
"503","SZ002636","SZ300063","0.766355140186916","0.623720344051298","0.777810330977143"
"504","SZ002636","SZ300284","0.757009345794392","0.681769200127686","0.435840248102417"
"505","SZ002637","SZ300078","0.766355140186916","0.784204669079279","0.0815316401250047"
"506","SZ002637","SZ300176","0.757009345794392","0.740145786671447","0.01"
"507","SZ002643","SZ300111","0.757009345794392","0.764901222229491","0.01"
"508","SZ002645","SZ300021","0.757009345794392","0.703987137726518","0.138257417742819"
"509","SZ300021","SZ300062","0.766355140186916","0.686650921138154","0.0388665855779407"
"510","SZ300044","SZ300062","0.757009345794392","0.733317045551384","0.659012221099059"
"511","SZ300048","SZ300064","0.757009345794392","0.661476704647676","0.99"
"512","SZ300048","SZ300172","0.766355140186916","0.772366188455652","0.0381002756944126"
"513","SZ300050","SZ300078","0.757009345794392","0.699162664545741","0.0722936697251064"
"514","SZ300050","SZ300176","0.757009345794392","0.713328908135653","0.392052894469111"
"515","SZ300062","SZ300176","0.766355140186916","0.779406241695784","0.01"
"516","SZ300063","SZ300138","0.785046728971963","0.673629859218289","0.52209969649357"
"517","SZ300063","SZ300176","0.841121495327103","0.593810488252919","0.578614390254295"
"518","SZ300064","SZ300176","0.785046728971963","0.673921187836502","0.43714618595982"
"519","SZ300065","SZ300078","0.785046728971963","0.738984273036276","0.185881061527723"
"520","SZ300068","SZ300073","0.775700934579439","0.77248578669138","0.6492038827863"
"521","SZ300073","SZ300162","0.757009345794392","0.66485644716453","0.982250091659042"
"522","SZ300073","SZ300176","0.775700934579439","0.650126896704317","0.375636623274143"
"523","SZ300078","SZ300101","0.794392523364486","0.711345245289382","0.109113992239581"
"524","SZ300078","SZ300162","0.757009345794392","0.663824068284263","0.978412161312248"
"525","SZ300078","SZ300176","0.775700934579439","0.684892747324301","0.274555746473257"
"526","SZ300078","SZ300221","0.757009345794392","0.697242435044273","0.393995774516613"
"527","SZ300078","SZ300231","0.785046728971963","0.679103192987001","0.542885246879253"
"528","SZ300078","SZ300236","0.757009345794392","0.72978695967012","0.0644533463834848"
"529","SZ300078","SZ300246","0.803738317757009","0.732015614765146","0.353888522778538"
"530","SZ300078","SZ300270","0.766355140186916","0.757452427310834","0.154042671912169"
"531","SZ300086","SZ300176","0.794392523364486","0.709389644339455","0.250118421473597"
"532","SZ300101","SZ300176","0.766355140186916","0.676068117314187","0.263903873887632"
"533","SZ300111","SZ300172","0.775700934579439","0.781138221010939","0.01"
"534","SZ300113","SZ300207","0.757009345794392","0.739801377769443","0.128137151824799"
"535","SZ300138","SZ300176","0.766355140186916","0.731994049037144","0.293357765551597"
"536","SZ300162","SZ300176","0.803738317757009","0.737057324635126","0.99"
"537","SZ300162","SZ300231","0.766355140186916","0.708756549489143","0.828100349370195"
"538","SZ300172","SZ300176","0.775700934579439","0.705668907675003","0.859476399744876"
"539","SZ300176","SZ300231","0.766355140186916","0.737059389645581","0.587075369030621"
"540","SZ300176","SZ300258","0.766355140186916","0.718855103013558","0.0321571580380336"
